{"name":"aca195e9-e161-43d0-a86a-d775a5e2d9c2","id":"/providers/Microsoft.Flow/flows/aca195e9-e161-43d0-a86a-d775a5e2d9c2","type":"Microsoft.Flow/flows","properties":{"apiId":"/providers/Microsoft.PowerApps/apis/shared_logicflows","displayName":"Populate Solution Request Number","definition":{"metadata":{"workflowEntityId":null,"creator":{"id":"a85e7170-ee53-4174-9645-4b7c72593f84","type":"User","tenantId":"65aaede7-1710-4e90-8af0-80ccbde9d098"},"provisioningMethod":"FromDefinition","failureAlertSubscription":true,"clientLastModifiedTime":"2019-11-18T13:01:36.5332336Z"},"$schema":"https://schema.management.azure.com/providers/Microsoft.Logic/schemas/2016-06-01/workflowdefinition.json#","contentVersion":"1.0.0.0","parameters":{"$connections":{"defaultValue":{},"type":"Object"},"$authentication":{"defaultValue":{},"type":"SecureObject"},"sharepoint.site":{"defaultValue":"","type":"String"},"sharepoint.list":{"defaultValue":"","type":"String"}},"triggers":{"When_a_new_item_is_created":{"recurrence":{"interval":5,"frequency":"Minute"},"splitOn":"@triggerBody()?.value","metadata":{"flowSystemMetadata":{"swaggerOperationId":"GetOnNewItems"}},"type":"ApiConnection","inputs":{"host":{"api":{"runtimeUrl":"https://flow-apim-europe-001-westeurope-01.azure-apim.net/apim/sharepointonline"},"connection":{"name":"@parameters('$connections')['shared_sharepointonline']['connectionId']"}},"method":"get","path":"/datasets/@{encodeURIComponent(encodeURIComponent('https://sstuff.sharepoint.com'))}/tables/@{encodeURIComponent(encodeURIComponent('3c16e591-c0a7-4966-aa70-58e021d3080c'))}/onnewitems","authentication":"@parameters('$authentication')"},"conditions":[]}},"actions":{"Update_item":{"runAfter":{},"metadata":{"flowSystemMetadata":{"swaggerOperationId":"PatchItem"}},"type":"ApiConnection","inputs":{"host":{"connection":{"name":"@parameters('$connections')['shared_sharepointonline']['connectionId']"},"api":{"runtimeUrl":"https://flow-apim-europe-001-westeurope-01.azure-apim.net/apim/sharepointonline"}},"method":"patch","body":{"Title":"@triggerBody()?['Title']","SolIncrementNum":"@triggerBody()?['ID']"},"path":"/datasets/@{encodeURIComponent(encodeURIComponent('https://sstuff.sharepoint.com/'))}/tables/@{encodeURIComponent(encodeURIComponent('CustomIDExample'))}/items/@{encodeURIComponent(triggerBody()?['ID'])}","authentication":"@parameters('$authentication')"}}},"description":"Create a custom action to happen when a new item is added to SharePoint. It could be sending an email, copying the item to a folder or web service, or more if you decide."},"connectionReferences":{"shared_sharepointonline":{"connectionName":"42ce736134ae4e80b2ddabbf46dcddb0","source":"Embedded","id":"/providers/Microsoft.PowerApps/apis/shared_sharepointonline","tier":"NotSpecified"}},"flowFailureAlertSubscribed":false}}